,Retorno_alvo,Sinal
2015-01-02,0.107259728091429,1
2015-01-05,0.131047965194988,1
2015-01-06,0.0914411223306832,1
2015-01-07,0.08397444550973869,1
2015-01-08,0.00362780601678159,1
2015-01-09,0.024242140045195103,1
2015-01-16,0.0029568579217429405,-1
2015-01-19,0.0259035921079882,-1
2015-01-20,0.0449706849370903,-1
2015-01-21,0.0351081568389098,-1
2015-01-22,0.0121528079349762,-1
2015-01-23,0.030534111534998,-1
2015-01-30,0.0197850370114285,1
2015-02-02,0.0314462858740083,1
2015-02-03,0.03076946559247,1
2015-02-04,0.0380624884870047,1
2015-02-05,0.0259300557143942,1
2015-02-06,0.017867187124413198,1
2015-02-18,0.00604393279376447,-1
2015-02-19,-0.00222669038461909,-1
2015-02-20,0.0193196290872364,-1
2015-03-02,0.0022098978942097797,1
2015-03-03,-0.0211612976875122,1
2015-03-04,-0.00928459081840749,1
2015-03-05,-0.0196079448067383,1
2015-03-06,-0.0032910454737010704,1
2015-03-09,0.0104167889930045,1
2015-03-16,0.0233334016476081,-1
2015-03-17,-0.00495342500778218,-1
2015-03-18,-0.008139005350049971,-1
2015-03-19,0.00810788645176719,-1
2015-03-20,-0.0101767451382643,-1
2015-03-23,0.0058386593935762,-1
2015-03-30,0.0364612474942405,1
2015-03-31,0.0562768906939655,1
2015-04-01,0.0242742361030304,1
2015-04-02,0.014323762420803202,1
2015-04-06,-0.005197734466141471,1
2015-04-07,-0.017489739392066602,1
2015-04-14,-0.00993722924916829,-1
2015-04-15,-0.0177638123470545,-1
2015-04-16,-0.0104712319150245,-1
2015-04-17,-0.011536604623465401,-1
2015-04-20,0.00317618446879253,-1
2015-04-22,0.020042368942697602,-1
2015-04-29,0.046684563031341095,1
2015-04-30,0.0258574572245516,1
2015-05-04,0.00827320312350976,1
2015-05-05,-0.00868680821167556,1
2015-05-06,-0.00856847244547876,1
2015-05-07,-0.0117890768773973,1
2015-05-14,-0.0257733527035968,-1
2015-05-15,-0.057956290745606195,-1
2015-05-18,-0.040456223129157996,-1
2015-05-19,-0.0395011243677248,-1
2015-05-20,0.0027055541131428803,-1
2015-05-21,-0.0127387726384799,-1
2015-05-28,0.00812548423855031,1
2015-05-29,0.0178847940141098,1
2015-06-01,0.009189029209658141,1
2015-06-02,0.01024251275425,1
2015-06-03,-0.0065148995154338295,1
2015-06-05,0.00160430610011009,1
2015-06-12,0.00907172838550219,-1
2015-06-15,0.032787009298900195,-1
2015-06-16,0.0101441411120502,-1
2015-06-17,0.0257232187472922,-1
2015-06-18,0.0155330231267823,-1
2015-06-19,0.00635909734851436,-1
2015-06-29,0.0073839704591240896,1
2015-06-30,0.0231701228013392,1
2015-07-01,0.021432184254381398,1
2015-07-02,0.0320378152892948,1
2015-07-03,0.031331711945016896,1
2015-07-13,-0.000511719143723388,-1
2015-07-14,-0.023409656490078402,-1
2015-07-15,-0.0399999808228011,-1
2015-07-16,-0.053218071095003996,-1
2015-07-17,-0.0461927998029829,-1
2015-07-27,0.06798687074048469,1
2015-07-28,0.0580094542529492,1
2015-07-29,0.0413756312044415,1
2015-07-30,0.0344093936510574,1
2015-07-31,0.013353809226833,1
2015-08-03,-0.0357143633552001,1
2015-08-10,-0.0726712054280997,-1
2015-08-11,-0.063355217905284,-1
2015-08-12,-0.0444444694940253,-1
2015-08-13,-0.0310827485883471,-1
2015-08-14,-0.0134696794625826,-1
2015-08-17,0.014523936299411799,-1
2015-08-18,0.0203425207694188,-1
2015-08-25,0.07209170456187959,1
2015-08-26,0.052492083861117804,1
2015-08-27,0.028856248393984,1
2015-08-28,0.00613690428953961,1
2015-08-31,0.011931221425445,1
2015-09-01,0.015787141058573498,1
2015-09-02,-0.00703359566753103,1
2015-09-09,0.013534593483758699,-1
2015-09-10,0.00834608916190893,-1
2015-09-11,0.0286322248947242,-1
2015-09-14,0.0164370087689372,-1
2015-09-15,0.00314790035422297,-1
2015-09-16,-0.00771216267553854,-1
2015-09-17,-0.010774605363227401,-1
2015-09-24,0.0643304681417001,1
2015-09-25,0.0305697866160466,1
2015-09-28,0.0373443134060301,1
2015-09-29,0.0165286007183738,1
2015-09-30,0.019052636659344,1
2015-10-01,-0.0507614382679781,1
2015-10-08,-0.005081254777906889,-1
2015-10-09,-0.00454776353552544,-1
2015-10-13,0.0513368486182866,-1
2015-10-14,0.0744566717829349,-1
2015-10-15,0.0298274613330083,-1
2015-10-16,0.026956922967885898,-1
2015-10-23,-0.008598732471917449,1
2015-10-26,-0.011178772447769101,1
2015-10-27,-0.042403120373139605,1
2015-10-28,-0.0478615163241515,1
2015-10-29,-0.018421285912615,1
2015-10-30,-0.0015714460361395698,1
2015-11-09,0.025133883340115803,-1
2015-11-10,0.0375336184346633,-1
2015-11-11,0.0,-1
2015-11-12,0.00264678518628525,-1
2015-11-13,-0.026177893600041,-1
2015-11-23,-0.0325289404338597,1
2015-11-24,-0.0100318905334572,1
2015-11-25,-0.00322575124868962,1
2015-11-26,-0.011164054529341001,1
2015-11-27,-0.023155126947359102,1
2015-12-07,-0.024731180554989903,-1
2015-12-08,0.000550945529752767,-1
2015-12-09,-0.036796385469575504,-1
2015-12-10,-0.0163933595013843,-1
2015-12-11,-0.009800847518612649,-1
2015-12-14,0.0167834828935025,-1
2015-12-21,-0.020728333063298,1
2015-12-22,-0.035654625236908405,1
2015-12-23,-0.07417572079552259,1
2015-12-28,-0.058985785541187497,1
2015-12-29,-0.076923126151792,1
2016-01-05,-0.0360410605528144,-1
2016-01-06,-0.0415945397859792,-1
2016-01-07,-0.0362018518784777,-1
2016-01-08,-0.0187464232684422,-1
2016-01-11,-0.015476149703286599,-1
2016-01-12,-0.0388691539665547,-1
2016-01-13,0.00118842008781517,-1
2016-01-20,0.120259174794047,1
2016-01-21,0.109444726948969,1
2016-01-22,0.0817198475274921,1
2016-01-26,0.0979102879986133,1
2016-01-27,0.0250990251316408,1
2016-02-03,-0.0071821403496507,-1
2016-02-04,-0.00544690212245347,-1
2016-02-05,0.0143330536958219,-1
2016-02-10,0.021181537216524902,-1
2016-02-11,0.041456587497409506,-1
2016-02-18,-0.0413043847225864,1
2016-02-19,-0.00382094226128193,1
2016-02-22,-0.024206686468655102,1
2016-02-23,0.00985770197378266,1
2016-02-24,0.0511554186055552,1
2016-02-25,0.0824394159943238,1
2016-02-26,0.08054451294167221,1
2016-03-04,-0.0423862230597027,-1
2016-03-07,-0.045905028830244804,-1
2016-03-08,-0.0167977086808431,-1
2016-03-09,-0.0123321667323231,-1
2016-03-10,0.00536783848952527,-1
2016-03-11,0.0285402409067983,-1
2016-03-21,0.00373748680180475,1
2016-03-22,0.004802449946911261,1
2016-03-23,-0.0257892874368483,1
2016-03-24,-0.015263283715034598,1
2016-04-04,-0.011345286452829999,-1
2016-04-05,0.0016035278478121501,-1
2016-04-06,0.0193237839697693,-1
2016-04-07,0.022102615084441203,-1
2016-04-08,0.0296175624425028,-1
2016-04-18,0.026371134592924502,1
2016-04-19,0.0141215563662365,1
2016-04-20,0.0161459270841693,1
2016-04-22,0.022442617744390398,1
2016-04-25,0.0245688912428739,1
2016-05-02,-0.0333164135938427,-1
2016-05-03,-0.0209290444367572,-1
2016-05-04,-0.0428569919548241,-1
2016-05-05,-0.0193310650196735,-1
2016-05-06,-0.0148618638443087,-1
2016-05-09,-0.025939828561824297,-1
2016-05-10,-0.025667945631890697,-1
2016-05-17,0.0398706909982496,1
2016-05-18,0.040760891088175405,1
2016-05-19,0.027419569275894503,1
2016-05-20,0.043149784949174694,1
2016-05-23,0.0455531167633132,1
2016-05-24,0.0433387982213658,1
2016-05-25,0.0231825274931332,1
2016-06-01,-0.0320579189196366,-1
2016-06-02,-0.019190754871193302,-1
2016-06-03,-0.0476922306744367,-1
2016-06-06,-0.048403579260586395,-1
2016-06-07,-0.022001303988324897,-1
2016-06-08,-0.0342502515249657,-1
2016-06-15,0.0,1
2016-06-16,0.00214259743273648,1
2016-06-17,0.00752261439455371,1
2016-06-20,0.0231306844129648,1
2016-06-21,0.025295795220762002,1
2016-06-22,0.0491265718691651,1
2016-06-23,0.029713437817629803,1
2016-06-30,0.018372799346308998,-1
2016-07-01,0.0109367784183345,-1
2016-07-04,0.0088591949989596,-1
2016-07-05,-0.0031695093916052097,-1
2016-07-06,-0.0053261375007152,-1
2016-07-07,0.00463781069852698,-1
2016-07-08,-0.0051893647118193,-1
2016-07-15,0.0211079746626701,1
2016-07-18,0.0136410644472709,1
2016-07-19,0.0140843736736418,1
2016-07-20,-0.0167362427793528,1
2016-07-21,-0.0104165681835834,1
2016-07-22,-0.02836527915916,1
2016-08-01,0.008947282938835949,-1
2016-08-02,0.035031881896938,-1
2016-08-03,0.0584764597588732,-1
2016-08-04,0.0651709953140545,-1
2016-08-05,0.047120386410663496,-1
2016-08-15,-0.0180541626608339,1
2016-08-16,-0.034500013700466,1
2016-08-17,-0.0428927063489859,1
2016-08-18,-0.0341366787909129,1
2016-08-19,-0.030730532385709802,1
2016-08-29,0.039501142168391096,-1
2016-08-30,0.026507144262540597,-1
2016-08-31,0.0291817075058065,-1
2016-09-01,-0.012709474626609001,-1
2016-09-02,-0.0090726692577604,-1
2016-09-05,-0.00754520055375385,-1
2016-09-12,-0.0146835231264413,1
2016-09-13,0.0128730847708705,1
2016-09-14,0.00356072966089793,1
2016-09-15,-0.00557515494386451,1
2016-09-16,0.0138957865089311,1
2016-09-19,0.0205654728274287,1
2016-09-20,0.011800928752675199,1
2016-09-27,-0.0025376976164804797,-1
2016-09-28,-0.010075470529624899,-1
2016-09-29,-0.0020283199253901,-1
2016-09-30,-0.018667778841132,-1
2016-10-03,-0.026328983678892103,-1
2016-10-04,-0.000511706995269257,-1
2016-10-11,0.0154238978801606,1
2016-10-13,0.0244407454652007,1
2016-10-14,0.0,1
2016-10-17,-0.00102242636160166,1
2016-10-18,-0.0076337480139327995,1
2016-10-19,-0.0294715527246724,1
2016-10-26,-0.0714346022820145,-1
2016-10-27,-0.0659090656014588,-1
2016-10-28,-0.0532117078100188,-1
2016-10-31,-0.033208304245095105,-1
2016-11-01,-0.048008701838607,-1
2016-11-03,-0.0335196447969718,-1
2016-11-10,-0.0487533092184037,1
2016-11-11,0.0108881322146288,1
2016-11-14,0.00289028036147498,1
2016-11-16,-0.0336511167823829,1
2016-11-17,-0.003973162710442121,1
2016-11-18,-0.015011577039020601,1
2016-11-25,-0.0278584244070572,-1
2016-11-28,-0.0518518297352695,-1
2016-11-29,-0.0351699561824491,-1
2016-11-30,-0.0297375843101352,-1
2016-12-01,-0.0312687149756177,-1
2016-12-02,-0.0251344895817527,-1
2016-12-12,0.014276807966825001,1
2016-12-13,-0.015598444917591402,1
2016-12-14,0.0036115023325256103,1
2016-12-15,0.00495218785438389,1
2016-12-16,-0.0209914311657746,1
2016-12-26,0.025957878968294202,-1
2016-12-27,0.021725430746614597,-1
2016-12-28,0.0184844607543193,-1
2016-12-29,-0.0036585431034637,-1
2017-01-09,0.0441619650727341,1
2017-01-10,0.0587514287190005,1
2017-01-11,0.0572823253147938,1
2017-01-12,0.024217174290174,1
2017-01-13,0.015202912834724,1
2017-01-16,0.0193643979682194,1
2017-01-23,-0.006369357814694499,-1
2017-01-24,0.0028901242335481704,-1
2017-01-26,-0.0138649955288183,-1
2017-01-27,-0.0173208530446133,-1
2017-01-30,-0.0005891728976773479,-1
2017-01-31,-0.018023312941721503,-1
2017-02-07,0.055816458213429294,1
2017-02-08,0.055424404408368,1
2017-02-09,0.0562463379176432,1
2017-02-10,0.054258952842800995,1
2017-02-13,0.059710353572170395,1
2017-02-14,0.0431531563440826,1
2017-02-21,-0.0453791282421174,-1
2017-02-22,-0.07986884690231301,-1
2017-02-23,-0.055708784534319405,-1
2017-02-24,-0.030269069901132803,-1
2017-03-01,-0.034059083798234704,-1
2017-03-08,0.0052567499390197,1
2017-03-09,0.0196531941494911,1
2017-03-10,0.00693644049292308,1
2017-03-13,-0.00288026395735919,1
2017-03-14,0.019883186923177,1
2017-03-15,0.019075195181400998,1
2017-03-16,0.029513810173621202,1
2017-03-23,0.032109900094732,-1
2017-03-24,0.0272263493472671,-1
2017-03-27,0.005058897790811479,-1
2017-03-28,0.00222964160591865,-1
2017-03-29,-0.007150766036970399,-1
2017-03-30,-0.0147783918168654,-1
2017-03-31,-0.033991095454695704,-1
2017-04-07,0.00277003620976557,1
2017-04-10,-0.00111116686635948,1
2017-04-11,0.0232692258707397,1
2017-04-12,0.0367856520071037,1
2017-04-13,0.0253377838655915,1
2017-04-24,0.0554629054899183,-1
2017-04-25,0.0316595103683084,-1
2017-04-26,0.0373422716011778,-1
2017-04-27,0.0412088271948299,-1
2017-04-28,0.0509311629765219,-1
2017-05-08,0.0397032215503232,1
2017-05-09,-0.00791566842244251,1
2017-05-10,-0.029703115242466903,1
2017-05-11,-0.0491555937515473,1
2017-05-12,-0.04062963825932871,1
2017-05-22,0.00753930079325738,-1
2017-05-23,-0.0179992488166552,-1
2017-05-24,-0.0153766950841113,-1
2017-05-25,-0.000528508614826451,-1
2017-05-26,0.00210181436760926,-1
2017-05-29,-0.009984324026656501,-1
2017-06-05,-0.038603897654705996,1
2017-06-06,-0.0466701009127202,1
2017-06-07,-0.056263183049416694,1
2017-06-08,-0.0356180069893639,1
2017-06-09,-0.00220883503111002,1
2017-06-12,0.00276543950907526,1
2017-06-19,0.0331251728277104,-1
2017-06-20,0.018898978521480602,-1
2017-06-21,0.018865633355214,-1
2017-06-22,0.0132842093157906,-1
2017-06-23,0.00884962594393057,-1
2017-06-26,-0.00273672142376558,-1
2017-06-27,-0.0278841143740322,-1
2017-07-04,0.0241228550366039,1
2017-07-05,0.0290890500360108,1
2017-07-06,0.059617570337100904,1
2017-07-07,0.04051053092551651,1
2017-07-10,0.0278537209459442,1
2017-07-11,0.014039112885351,1
2017-07-12,0.008579034407271589,1
2017-07-19,0.0148777110277867,-1
2017-07-20,0.0197016962497529,-1
2017-07-21,0.022860085839745,-1
2017-07-24,0.0308182251783242,-1
2017-07-25,0.020127086399500903,-1
2017-07-26,0.022835922155916,-1
2017-07-27,0.012558935321262501,-1
2017-08-03,0.0233643780431263,1
2017-08-04,0.026998949495545398,1
2017-08-07,0.0237725222610283,1
2017-08-08,0.020629318754206597,1
2017-08-09,0.0175077194656217,1
2017-08-10,0.0175258858016678,1
2017-08-18,0.00708486982110346,-1
2017-08-21,0.00709204831032184,-1
2017-08-22,0.00556974349419059,-1
2017-08-23,-0.00403214893233916,-1
2017-08-24,-0.00353511106987159,-1
2017-08-25,-0.0015114546780172799,-1
2017-09-01,0.0632589693745627,1
2017-09-04,0.073491865354639,1
2017-09-05,0.0691222811630703,1
2017-09-06,0.0660705860255717,1
2017-09-07,0.0531546542729158,1
2017-09-08,0.064676536456111,1
2017-09-18,-0.00471702334303015,-1
2017-09-19,-0.0158877976071824,-1
2017-09-20,-0.0204839563561235,-1
2017-09-21,-0.030898832343275798,-1
2017-09-22,-0.0046467788210611295,-1
2017-10-02,0.0449275042297774,1
2017-10-03,0.00980386926661936,1
2017-10-04,0.0438677362082003,1
2017-10-05,0.032501034442357996,1
2017-10-06,0.0322734226723838,1
2017-10-09,0.0336970975997666,1
2017-10-16,-0.033302710907173,-1
2017-10-17,-0.032643679638403506,-1
2017-10-18,-0.039944711756418,-1
2017-10-19,-0.0398534227919691,-1
2017-10-20,-0.029261546829945303,-1
2017-10-23,-0.026291096587329102,-1
2017-10-30,-0.0329197063137713,1
2017-10-31,-0.0325358284271918,1
2017-11-01,-0.0255547081171393,1
2017-11-02,-0.025072313694812796,1
2017-11-03,-0.0194175416101717,1
2017-11-06,-0.016553277558895102,1
2017-11-07,0.0108911652389592,1
2017-11-14,0.025247603873346902,-1
2017-11-15,0.0207921895964907,-1
2017-11-16,0.0156708661194012,-1
2017-11-17,0.011684361496182101,-1
2017-11-20,0.0009733727118705899,-1
2017-11-21,-0.0120134844286816,-1
2017-11-22,-0.0182429427489311,-1
2017-11-29,0.022373572455597998,1
2017-11-30,0.0286966899089887,1
2017-12-01,0.051344631856209896,1
2017-12-04,0.022837757747617097,1
2017-12-05,0.020437794401086503,1
2017-12-06,0.00917421707351385,1
2017-12-07,0.00917011240392585,1
2017-12-14,0.0179529135061685,-1
2017-12-15,0.0320472004536676,-1
2017-12-18,0.0388347428321845,-1
2017-12-19,0.0335115745681664,-1
2017-12-20,0.028019368106113197,-1
2017-12-21,0.0343347735674566,-1
2017-12-28,0.015037471951828,1
2017-12-29,0.015037471951828,1
2018-01-02,0.00737676285937217,1
2018-01-03,-0.0064396600365471705,1
2018-01-04,0.00925073243095897,1
2018-01-05,0.00921668015268517,1
2018-01-12,0.0101853504353697,-1
2018-01-15,0.0032078738950565,-1
2018-01-16,-0.00045670778517337097,-1
2018-01-17,-0.006808851894447801,-1
2018-01-18,-0.00364968053141379,-1
2018-01-19,-0.00590907144312813,-1
2018-01-29,-0.00690607064313187,1
2018-01-30,-0.00643361526368014,1
2018-01-31,-0.0178244120066768,1
2018-02-01,0.0031489603666989803,1
2018-02-02,0.0190822191998514,1
2018-02-15,-0.0067265555501704296,-1
2018-02-16,-0.00936245321542062,-1
2018-02-26,0.0415348938695301,1
2018-02-27,0.048604889790713604,1
2018-02-28,0.0654545661640282,1
2018-03-01,0.07341065717986721,1
2018-03-02,0.0611160637687862,1
2018-03-05,0.0777087509161201,1
2018-03-12,-0.0037529105365501397,-1
2018-03-13,0.00208682687635475,-1
2018-03-14,-0.014421113167955999,-1
2018-03-15,0.0050251996810157795,-1
2018-03-16,0.00974167062865572,-1
2018-03-19,0.0012609608197207101,-1
2018-03-20,0.0160405137210171,-1
2018-03-27,-0.0247482590411496,1
2018-03-28,-0.022250200153096998,1
2018-03-29,-0.0112172667148452,1
2018-04-02,0.0,1
2018-04-03,-0.0376033296162817,1
2018-04-04,-0.0384456170957005,1
2018-04-11,-0.017610001352623098,-1
2018-04-12,0.0068700173206450695,-1
2018-04-13,0.0021496289380627,-1
2018-04-16,0.008268101682389341,-1
2018-04-17,0.00865427897241822,-1
2018-04-18,-0.00728046494116485,-1
2018-04-26,-0.037323069204580304,1
2018-04-27,-0.0547886266670848,1
2018-04-30,-0.0655807325420418,1
2018-05-02,-0.0361710698531614,1
2018-05-03,-0.0393806093219736,1
2018-05-10,-0.06880734518084951,-1
2018-05-11,-0.0778034670090834,-1
2018-05-14,-0.0764623473998964,-1
2018-05-15,-0.0526558998855061,-1
2018-05-16,-0.0627614626189719,-1
2018-05-17,-0.06306287224868601,-1
2018-05-18,-0.050412002717462503,-1
2018-05-25,-0.0312500236436362,1
2018-05-28,-0.0344129405095127,1
2018-05-29,-0.032159346011525,1
2018-05-30,-0.0355509735245132,1
2018-06-01,-0.0531595140026288,1
2018-06-11,-0.0152803497273929,-1
2018-06-12,-0.031446182301678303,-1
2018-06-13,-0.0210286674462221,-1
2018-06-14,-0.0292093267070941,-1
2018-06-15,-0.0253231670825134,-1
2018-06-25,-0.006586293733855439,1
2018-06-26,0.0171365160887826,1
2018-06-27,0.007799430190926549,1
2018-06-28,0.00999457807334481,1
2018-06-29,-0.00389311868653119,1
2018-07-10,0.0379327873213742,-1
2018-07-11,0.04913450859188791,-1
2018-07-12,0.022478134948165498,-1
2018-07-13,0.028741994007540003,-1
2018-07-16,-0.00263850603374138,-1
2018-07-23,0.0428955844390531,1
2018-07-24,0.0168687940861565,1
2018-07-25,0.0211638893195985,1
2018-07-26,-0.0296632668206517,1
2018-07-27,-0.0323068594652238,1
2018-07-30,-0.0274110854041255,1
2018-07-31,-0.00721271034428406,1
2018-08-07,-0.008346401791543891,-1
2018-08-08,0.0010437671277399,-1
2018-08-09,-0.0062273585378429495,-1
2018-08-10,0.0037015963059094897,-1
2018-08-13,-0.0125391412548093,-1
2018-08-14,-0.0242142182652098,-1
2018-08-15,-0.0180227118463625,-1
2018-08-22,-0.0026454290122068804,1
2018-08-23,-0.0163675678413213,1
2018-08-24,-0.0555847079518976,1
2018-08-27,-0.051751173270450194,1
2018-08-28,-0.040837677503391,1
2018-08-29,-0.049870012833181494,1
2018-09-05,0.0121280456179484,-1
2018-09-06,0.025654907450045797,-1
2018-09-10,0.027337229762104398,-1
2018-09-11,0.0307860363142292,-1
2018-09-12,0.0216802566266241,-1
2018-09-13,0.00327344356150272,-1
2018-09-20,-0.0170666075511576,1
2018-09-21,-0.0318303819116339,1
2018-09-24,-0.0141381701577823,1
2018-09-25,-0.02880447385214,1
2018-09-26,-0.0561497834341054,1
2018-09-27,-0.025974053302081003,1
2018-09-28,-0.0468921245543787,1
2018-10-05,-0.0339944280719811,-1
2018-10-08,-0.0749998409724756,-1
2018-10-09,-0.0354690013535706,-1
2018-10-10,-0.022093084085690703,-1
2018-10-11,-0.021188893542077997,-1
2018-10-22,-0.028537545899108098,1
2018-10-23,-0.0156343899288908,1
2018-10-24,0.0358715843424706,1
2018-10-25,0.109333203518875,1
2018-10-26,0.0763660862267919,1
2018-11-05,-0.026123919353746403,-1
2018-11-06,-0.00841331953671398,-1
2018-11-07,0.00672781339127804,-1
2018-11-08,0.042647994032362496,-1
2018-11-09,0.0261194293039519,-1
2018-11-19,0.0109354812120983,1
2018-11-21,0.0329670677514611,1
2018-11-22,0.0145454688289171,1
2018-11-23,0.027777803708187897,1
2018-11-26,0.0241486305003165,1
2018-12-03,-0.047192291776403404,-1
2018-12-04,-0.0198199675736365,-1
2018-12-05,-0.029020649332041,-1
2018-12-06,-0.0176937119809137,-1
2018-12-07,-0.0142769718320672,-1
2018-12-10,-0.0109056724288868,-1
2018-12-11,-0.0267836880285168,-1
2018-12-18,0.037917826750938396,1
2018-12-19,0.0603895906189906,1
2018-12-20,0.0880999226330537,1
2018-12-21,0.0863545744321754,1
2018-12-26,0.0667107232195649,1
2019-01-02,0.07058821601857819,-1
2019-01-03,0.0740969127647451,-1
2019-01-04,0.0694864508180721,-1
2019-01-07,0.0800971511354989,-1
2019-01-08,0.10526316479335099,-1
2019-01-09,0.0989010655276914,-1
2019-01-16,0.00842716305053748,1
2019-01-17,0.00112056125544124,1
2019-01-18,-0.00166659973140826,1
2019-01-21,-0.0272221481654966,1
2019-01-22,0.0324971072977562,1
2019-01-23,0.0739232379418524,1
2019-01-24,0.0862470977490874,1
2019-01-31,0.0685321693737673,-1
2019-02-01,0.0309221057375997,-1
2019-02-04,-0.00325213121009915,-1
2019-02-05,-0.00268244711676535,-1
2019-02-06,0.022111673540935198,-1
2019-02-07,-0.0298666876506626,-1
2019-02-08,0.0054883893312203105,-1
2019-02-15,0.0,1
2019-02-18,0.00934586454309283,1
2019-02-19,-0.0594977046094247,1
2019-02-20,-0.07658394293559499,1
2019-02-21,-0.0889736613456991,1
2019-02-22,-0.09443215045463241,1
2019-03-07,0.037147872474679405,-1
2019-03-08,0.036166312903088,-1
2019-03-18,-0.044482865244919,1
2019-03-19,-0.0255963355399038,1
2019-03-20,-0.00999995143720356,1
2019-03-21,-0.009422742265026039,1
2019-03-22,0.00299060614293789,1
2019-04-01,0.043400560610108,-1
2019-04-02,0.028622460652439702,-1
2019-04-03,0.0130641310011979,-1
2019-04-04,0.00577376604862767,-1
2019-04-05,0.00516052477715823,-1
2019-04-08,-0.0172912227480565,-1
2019-04-15,0.0510905673166533,1
2019-04-16,0.0433542767225044,1
2019-04-17,0.0762463949319008,1
2019-04-18,0.0813817734383937,1
2019-04-22,0.0257144621463994,1
2019-04-23,0.0141482643172102,1
2019-04-30,-0.0633460017084857,-1
2019-05-02,-0.052367835220976204,-1
2019-05-03,-0.0546874090974141,-1
2019-05-06,-0.0802878902168888,-1
2019-05-07,-0.057223874449936506,-1
2019-05-14,0.0159384022185078,1
2019-05-15,0.027092171420688,1
2019-05-16,0.0348557915543686,1
2019-05-17,0.0497271246978543,1
2019-05-20,0.0466951269741314,1
2019-05-21,0.0198948281039808,1
2019-05-22,0.0197559840704409,1
2019-05-29,0.0202780602513142,-1
2019-05-30,0.012621914877661001,-1
2019-05-31,0.00968668356922131,-1
2019-06-03,0.014925238013821401,-1
2019-06-04,0.028818297886644,-1
2019-06-05,0.0132108549254124,-1
2019-06-06,0.0090701896125458,-1
2019-06-13,0.0179272012301626,1
2019-06-14,0.0260770876415388,1
2019-06-17,0.0140449942625316,1
2019-06-18,-0.008864339542495209,1
2019-06-19,-0.021428524904619998,1
2019-06-21,-0.0173442599740724,1
2019-06-28,0.0631638271943993,-1
2019-07-01,0.049410378136385706,-1
2019-07-02,0.00386104353200034,-1
2019-07-03,-0.0313163074921015,-1
2019-07-04,-0.0473682498290096,-1
2019-07-05,-0.053157862896285,-1
2019-07-15,-0.0158904486163264,1
2019-07-16,0.0767954907807835,1
2019-07-17,0.100611436089379,1
2019-07-18,0.12328758543115499,1
2019-07-19,0.124378207549184,1
2019-07-29,0.00634153589845465,-1
2019-07-30,-0.00835787412057887,-1
2019-07-31,-0.0029805065115438,-1
2019-08-01,-0.0460333355621313,-1
2019-08-02,-0.0541728629513632,-1
2019-08-12,-0.0349075374007196,1
2019-08-13,-0.046955562526733496,1
2019-08-14,-0.0357706368062738,1
2019-08-15,-0.036741150766292,1
2019-08-16,-0.0386242086070712,1
2019-08-19,-0.05023561609724139,1
2019-08-26,0.0392482468640141,-1
2019-08-27,0.0286185186421399,-1
2019-08-28,0.0314050399333388,-1
2019-08-29,0.017250875478749497,-1
2019-08-30,0.005341854065499921,-1
2019-09-02,0.0288357834873463,-1
2019-09-03,0.045896388467978395,-1
2019-09-10,0.0281616174545474,1
2019-09-11,0.0253832714242577,1
2019-09-12,0.00206492949213843,1
2019-09-13,0.013089051511187898,1
2019-09-16,0.0234986354949933,1
2019-09-17,0.0051467099128081895,1
2019-09-24,-0.0397933570729326,-1
2019-09-25,-0.019897917553296,-1
2019-09-26,-0.0337939979950179,-1
2019-09-27,-0.0437018551623488,-1
2019-09-30,-0.030129885982067898,-1
2019-10-01,-0.0460899985885905,-1
2019-10-02,-0.0148463296263761,-1
2019-10-09,0.0,1
2019-10-10,0.030944589190292204,1
2019-10-11,0.0102261133489079,1
2019-10-14,-0.00213674162619992,1
2019-10-15,0.0158813973540848,1
2019-10-16,-0.0682901038747525,1
2019-10-17,-0.0655300579948646,1
2019-10-24,-0.0844188894036666,-1
2019-10-25,0.00624996955539325,-1
2019-10-28,-0.00114024514425781,-1
2019-10-29,-0.0011376508797738,-1
2019-10-30,-0.014806426392893599,-1
2019-10-31,0.00920624465385211,-1
2019-11-01,0.0023083693412933003,-1
2019-11-08,0.0445087613005448,1
2019-11-11,0.0370580878747879,1
2019-11-12,0.0477833540985488,1
2019-11-13,0.0379964145346801,1
2019-11-14,0.029226338751007698,1
2019-11-22,-0.0175919965539387,-1
2019-11-25,0.00549442049882543,-1
2019-11-26,0.00665548252086823,-1
2019-11-27,0.027282894125422,-1
2019-11-28,0.0238756859013878,-1
2019-11-29,0.017728561808553,-1
2019-12-09,0.035249572714623596,1
2019-12-10,0.0435492797847807,1
2019-12-11,0.051851270958577195,1
2019-12-12,0.0405331221172565,1
2019-12-13,0.037601073942566995,1
2019-12-23,0.00527426596417091,-1
2019-12-26,-0.013007188206961999,-1
2019-12-27,-0.0177452741708645,-1
2019-12-30,0.0117835973469504,-1
2020-01-06,-0.0136698752933361,1
2020-01-07,-0.018887673582872598,1
2020-01-08,-0.014232988868946701,1
2020-01-09,-0.00106267817477568,1
2020-01-10,-0.00794071578638411,1
2020-01-13,-0.00832904506161547,1
2020-01-20,-0.026595874822986598,-1
2020-01-21,-0.0213446245002384,-1
2020-01-22,-0.0629920722723346,-1
2020-01-23,-0.056836438769061,-1
2020-01-24,-0.0705634677195854,-1
2020-01-27,-0.070080813679865,-1
2020-01-28,-0.10265967525529,-1
2020-02-04,-0.0781868808753462,1
2020-02-05,-0.0486957048908069,1
2020-02-06,-0.0160046095133876,1
2020-02-07,-0.043735214211229195,1
2020-02-10,-0.035863747939569104,1
2020-02-11,-0.0374999953958359,1
2020-02-12,-0.024024165764947498,1
2020-02-19,-0.0508368405360706,-1
2020-02-20,-0.058132278724913,-1
2020-02-21,-0.057230718535576,-1
2020-02-27,0.011724118653329901,-1
2020-03-05,-0.275771449366408,1
2020-03-06,-0.23694519247482598,1
2020-03-09,-0.237218821238057,1
2020-03-10,-0.188627018769252,1
2020-03-11,-0.123636390638529,1
2020-03-12,-0.00604487455235447,1
2020-03-20,-0.0107883396236071,-1
2020-03-23,0.015638534281777097,-1
2020-03-24,0.0620017299715236,-1
2020-03-25,-0.022317510091790397,-1
2020-03-26,-0.0734375752852723,-1
2020-03-27,-0.00640516231145372,-1
2020-04-03,0.045654082687528,1
2020-04-06,-0.0345699094488082,1
2020-04-07,-0.0652699823003025,1
2020-04-08,-0.056864381766340205,1
2020-04-09,-0.0396694860119329,1
2020-04-20,-0.023255797426713798,-1
2020-04-22,0.0120482205738452,-1
2020-04-23,0.033766192482771504,-1
2020-04-24,0.0648064000178232,-1
2020-05-04,-0.04251704110650081,1
2020-05-05,-0.0167503480100459,1
2020-05-06,-0.0160608059128581,1
2020-05-07,0.048526977082337996,1
2020-05-08,-0.00830574047162924,1
2020-05-11,0.0167506071388963,1
2020-05-18,0.10578506874087801,-1
2020-05-19,0.07370194585036251,-1
2020-05-20,0.0280064578073664,-1
2020-05-21,0.0606061632026735,-1
2020-05-22,0.104770054524472,-1
2020-05-25,0.0798696133250536,-1
2020-06-01,0.107936407375731,1
2020-06-02,0.0462605601273731,1
2020-06-03,0.0135849473689535,1
2020-06-04,-0.00896858636120301,1
2020-06-05,-0.019928797671610602,1
2020-06-08,-0.0630137193380737,1
2020-06-09,-0.0335195373810213,1
2020-06-16,0.0693816227249722,-1
2020-06-17,0.0130718606686795,-1
2020-06-18,0.0423976494661533,-1
2020-06-19,0.0216763180230604,-1
2020-06-22,0.0177180194375894,-1
2020-06-23,0.0172290304821365,-1
2020-06-24,0.0336257427875883,-1
2020-07-01,0.0341226044856366,1
2020-07-02,-0.011997157102821301,1
2020-07-03,-0.0162659542934365,1
2020-07-06,-0.00487462700373709,1
2020-07-07,-0.027681613235660398,1
2020-07-08,-0.037389560291210204,1
2020-07-09,-0.035519124528204,1
2020-07-16,0.0875445106308013,-1
2020-07-17,0.0656779759775228,-1
2020-07-20,0.0729461141840084,-1
2020-07-21,-0.0088555508953555,-1
2020-07-22,-0.0550646111339478,-1
2020-07-23,-0.047916578931762696,-1
2020-07-30,-0.0900343494027486,1
2020-07-31,-0.0352518421716692,1
2020-08-03,-0.0167761188191504,1
2020-08-04,-0.0141790549097711,1
2020-08-05,0.006069839065928621,1
2020-08-06,-0.0309200693061783,1
2020-08-07,-0.0172802850724397,1
2020-08-14,-0.0384615534187939,-1
2020-08-17,-0.0116732413791221,-1
2020-08-18,-0.0305809864665966,-1
2020-08-19,-0.0077821074131792,-1
2020-08-20,-0.0442545838456299,-1
2020-08-21,-0.024672388853623103,-1
2020-08-31,0.0,1
2020-09-01,-0.0482212892850149,1
2020-09-02,-0.014890310572590899,1
2020-09-03,0.023015824489451598,1
2020-09-04,-0.00317462188358486,1
2020-09-14,-0.010342043924272699,-1
2020-09-15,-0.0170674755600561,-1
2020-09-16,0.0222929612039922,-1
2020-09-17,-0.0516717308553761,-1
2020-09-18,-0.0344019197786061,-1
2020-09-28,0.0841346890841608,1
2020-09-29,0.107692347519545,1
2020-09-30,0.08213718469508731,1
2020-10-01,0.0826772392082189,1
2020-10-02,0.101356799322563,1
2020-10-05,0.0491803199498391,1
2020-10-13,-0.013090949894181601,-1
2020-10-14,0.00652183417291052,-1
2020-10-15,0.056547650564217296,-1
2020-10-16,0.0339111050282948,-1
2020-10-19,0.016730099513022602,-1
2020-10-20,-0.036621791875056,-1
2020-10-27,-0.034256556479445296,1
2020-10-28,0.0635751421515083,1
2020-10-29,0.179984433197486,1
2020-10-30,0.223316891282123,1
2020-11-03,0.143975019474677,1
2020-11-04,0.17862723017657,1
2020-11-11,-0.0161073405556157,-1
2020-11-12,0.00889189368977461,-1
2020-11-13,-0.0410325011755213,-1
2020-11-16,-0.061197845938096906,-1
2020-11-17,-0.0737387489014573,-1
2020-11-18,-0.0579515815736164,-1
2020-11-26,0.0381414270296405,1
2020-11-27,0.0509777242937981,1
2020-11-30,0.0915594783905544,1
2020-12-01,0.0688011319368189,1
2020-12-02,0.0416666002445949,1
2020-12-03,0.042176805075952804,1
2020-12-10,0.00877730484445016,-1
2020-12-11,0.027102957210073598,-1
2020-12-14,0.0385007545827996,-1
2020-12-15,0.040293757487684004,-1
2020-12-16,0.0348755408874222,-1
2020-12-17,0.00023651298053617399,-1
2020-12-18,-0.0239596775879534,-1
2020-12-28,0.048192765710888,1
2020-12-29,0.009404357118631081,1
2020-12-30,0.07348241662834319,1
2021-01-11,-0.000226665215476762,-1
2021-01-12,-0.0664049809596855,-1
2021-01-13,-0.058614454462416,-1
2021-01-14,-0.0528905289052891,-1
2021-01-15,-0.0344827586206896,-1
2021-01-26,0.012987012987012901,1
2021-01-27,0.00779220779220768,1
2021-01-28,-0.0386100386100386,1
2021-01-29,-0.009927200529450621,1
2021-02-08,-0.0240963855421686,-1
2021-02-09,-0.0180481283422461,-1
2021-02-10,-0.021985343104597002,-1
2021-02-11,-0.0501672240802675,-1
2021-02-12,-0.0520622041920216,-1
2021-02-22,-0.028120713305898503,1
2021-02-23,0.00612661674608583,1
2021-02-24,0.0272479564032697,1
2021-02-25,0.0345070422535212,1
2021-02-26,0.0813124108416547,1
2021-03-01,0.108932461873638,1
2021-03-02,0.078627591136526,1
2021-03-09,0.00923482849604218,-1
2021-03-10,0.0216110019646365,-1
2021-03-11,0.0298210735586482,-1
2021-03-12,0.00332667997338665,-1
2021-03-15,-0.0326797385620915,-1
2021-03-16,-0.00398671096345515,-1
2021-03-17,-0.0175097276264591,-1
2021-03-24,0.0317567567567567,1
2021-03-25,0.0266844563042028,1
2021-03-26,0.0046204620462047,1
2021-03-29,0.00980392156862742,1
2021-03-30,-0.014753046824887801,1
2021-03-31,0.0143884892086332,1
2021-04-07,0.038107752956636,-1
2021-04-08,0.0181229773462783,-1
2021-04-09,0.0169270833333333,-1
2021-04-12,0.025145067698259197,-1
2021-04-13,0.0140754958413307,-1
2021-04-14,-0.013915243516761499,-1
2021-04-15,-0.036546943919344696,-1
2021-04-22,-0.0691823899371069,1
2021-04-23,-0.076340694006309,1
2021-04-26,-0.0468248877485568,1
2021-04-27,0.058207979071288406,1
2021-04-28,0.0657461538461537,1
2021-04-29,0.08125819134993441,1
2021-04-30,0.12918346720214202,1
2021-05-07,0.0746453469861412,-1
2021-05-10,0.0642423636363638,-1
2021-05-11,0.0397154688965342,-1
2021-05-12,0.0438648462439333,-1
2021-05-13,0.0444312822530379,-1
2021-05-14,0.0250291618160652,-1
2021-05-24,0.09869552459985931,1
2021-05-25,0.100510953974392,1
2021-05-26,0.121923361300708,1
2021-05-27,0.10740525113593799,1
2021-05-28,0.0817926610644257,1
2021-06-07,-0.0260204081632653,-1
2021-06-08,-0.0296069423175088,-1
2021-06-09,-0.0284826011642983,-1
2021-06-10,-0.0305383022774327,-1
2021-06-11,-0.0343188999831625,-1
2021-06-21,-0.0886278697277095,1
2021-06-22,-0.059595404068047905,1
2021-06-23,-0.0311284046692606,1
2021-06-24,-0.0005571030330305819,1
2021-06-25,0.0353981100060112,1
2021-06-28,0.0154285714285713,1
2021-07-05,-0.0178372342342679,-1
2021-07-06,-0.0068375502471538195,-1
2021-07-07,-0.0427687113111985,-1
2021-07-08,-0.019009215494861,-1
2021-07-12,-0.026047508493771198,-1
2021-07-13,-0.0432583170369841,-1
2021-07-20,0.00587187282020718,1
2021-07-21,-0.0325582539210318,1
2021-07-22,-0.00998238344202085,1
2021-07-23,0.0191044776119402,1
2021-07-26,-0.0269163838502047,1
2021-07-27,-0.017730437352246,1
2021-08-04,0.00120270602541805,-1
2021-08-05,-0.0132371231505942,-1
2021-08-06,-0.0456140350877193,-1
2021-08-09,-0.040209848484848404,-1
2021-08-10,0.0287254355909894,-1
2021-08-11,0.058539589619794906,-1
